Label1,ID,Label2,Index,Run_UID,BioSample_Label,SRA Library ID,_1.fastq,_2.fastq,SRA Accession
D09,12h_40,DMSO_1,AAGATC,HJK72BCX2_AAGATC,12h_DMSO,12h_DMSO_1,12h_DMSO_1_1.fastq,12h_DMSO_1_2.fastq ,SRR9953614
D10,48h_8,E++_1,ACATCG,HJK72BCX2_ACATCG,48h_EMB++,48h_EMB++_1,48h_EMB++_1_1.fastq,48h_EMB++_1_2.fastq ,SRR9953644
D05,In_5,,ACCGCG,HJK72BCX2_ACCGCG,0h,0h_5,0h_5_1.fastq,0h_5_2.fastq ,SRR9953663
E05,12h_33,R+++_1,ACTTGA,HJK72BCX2_ACTTGA,12h_RFB+++,12h_RFB+++_1,12h_RFB+++_1_1.fastq,12h_RFB+++_1_2.fastq ,SRR9953657
F02,48h_38,M++_3,AGAGTG,HJK72BCX2_AGAGTG,48h_MXF++,48h_MXF++_3,48h_MXF++_3_1.fastq,48h_MXF++_3_2.fastq ,SRR9953623
E04,48h_23,C++_2,AGTACG,HJK72BCX2_AGTACG,48h_CLR++,48h_CLR++_2,48h_CLR++_2_1.fastq,48h_CLR++_2_2.fastq ,SRR9953639
D12,12h_29,E++_3,ATGAAC,HJK72BCX2_ATGAAC,12h_EMB++,12h_EMB++_3,12h_EMB++_3_1.fastq,12h_EMB++_3_2.fastq ,SRR9953608
F04,48h_6,E+_3,CACCAA,HJK72BCX2_CACCAA,48h_EMB+,48h_EMB+_3,48h_EMB+_3_1.fastq,48h_EMB+_3_2.fastq ,SRR9953656
E11,48h_25,R+++_2,CCGAGG,HJK72BCX2_CCGAGG,48h_RFB+++,48h_RFB+++_2,48h_RFB+++_2_1.fastq,48h_RFB+++_2_2.fastq ,SRR9953620
D03,48h_14,DMSO_1,CGATCA,HJK72BCX2_CGATCA,48h_DMSO,48h_DMSO_1,48h_DMSO_1_1.fastq,48h_DMSO_1_2.fastq ,SRR9953664
E07,12h_34,C+++_1,CTCCGG,HJK72BCX2_CTCCGG,12h_CLR+++,12h_CLR+++_1,12h_CLR+++_1_1.fastq,12h_CLR+++_1_2.fastq ,SRR9953630
D08,48h_29,R++_2,CTCTAC,HJK72BCX2_CTCTAC,48h_RFB++,48h_RFB++_2,48h_RFB++_2_1.fastq,48h_RFB++_2_2.fastq ,SRR9953621
E08,12h_10,M++_1,CTTGAT,HJK72BCX2_CTTGAT,12h_MXF++,12h_MXF++_1,12h_MXF++_1_1.fastq,12h_MXF++_1_2.fastq ,SRR9953648
E02,12h_3,R++_1,GATCGG,HJK72BCX2_GATCGG,12h_RFB++,12h_RFB++_1,12h_RFB++_1_1.fastq,12h_RFB++_1_2.fastq ,SRR9953653
C09,48h_7,DMSO_3,GATCGT,HJK72BCX2_GATCGT,48h_DMSO,48h_DMSO_3,48h_DMSO_3_1.fastq,48h_DMSO_3_2.fastq ,SRR9953643
C11,48h_13,R++_1,GCGTAG,HJK72BCX2_GCGTAG,48h_RFB++,48h_RFB++_1,48h_RFB++_1_1.fastq,48h_RFB++_1_2.fastq ,SRR9953624
F01,12h_39,R++_3,GGGTTT,HJK72BCX2_GGGTTT,12h_RFB++,12h_RFB++_3,12h_RFB++_3_1.fastq,12h_RFB++_3_2.fastq ,SRR9953658
E10,12h_8,E+_2,GTCCCC,HJK72BCX2_GTCCCC,12h_EMB+,12h_EMB+_2,12h_EMB+_2_1.fastq,12h_EMB+_2_2.fastq ,SRR9953618
E03,12h_20,E++_1,GTTGAA,HJK72BCX2_GTTGAA,12h_EMB++,12h_EMB++_1,12h_EMB++_1_1.fastq,12h_EMB++_1_2.fastq ,SRR9953616
E01,12h_11,R++_2,TATAGG,HJK72BCX2_TATAGG,12h_RFB++,12h_RFB++_2,12h_RFB++_2_1.fastq,12h_RFB++_2_2.fastq ,SRR9953652
D02,12h_13,C++_2,TCCGAA,HJK72BCX2_TCCGAA,12h_CLR++,12h_CLR++_2,12h_CLR++_2_1.fastq,12h_CLR++_2_2.fastq ,SRR9953637
E06,12h_23,R+++_2,TCGGAA,HJK72BCX2_TCGGAA,12h_RFB+++,12h_RFB+++_2,12h_RFB+++_2_1.fastq,12h_RFB+++_2_2.fastq ,SRR9953628
E09,12h_18,R+++_3,TCTCCT,HJK72BCX2_TCTCCT,12h_RFB+++,12h_RFB+++_3,12h_RFB+++_3_1.fastq,12h_RFB+++_3_2.fastq ,SRR9953631
D04,48h_33,C+++_2,TGATGA,HJK72BCX2_TGATGA,48h_CLR+++,48h_CLR+++_2,48h_CLR+++_2_1.fastq,48h_CLR+++_2_2.fastq ,SRR9953619
D06,48h_22,M+_3,TGCAGG,HJK72BCX2_TGCAGG,48h_MXF+,48h_MXF+_3,48h_MXF+_3_1.fastq,48h_MXF+_3_2.fastq ,SRR9953659
D01,12h_4,M+_3,TGCATG,HJK72BCX2_TGCATG,12h_MXF+,12h_MXF+_3,12h_MXF+_3_1.fastq,12h_MXF+_3_2.fastq ,SRR9953649
C12,48h_11,C+++_3,TGTAGA,HJK72BCX2_TGTAGA,48h_CLR+++,48h_CLR+++_3,48h_CLR+++_3_1.fastq,48h_CLR+++_3_2.fastq ,SRR9953625
C10,12h_31,E+_3,TGTATG,HJK72BCX2_TGTATG,12h_EMB+,12h_EMB+_3,12h_EMB+_3_1.fastq,12h_EMB+_3_2.fastq ,SRR9953615
B01,12h_2,E++_2,AAGATC,HJKK5BCX2_AAGATC,12h_EMB++,12h_EMB++_2,12h_EMB++_2_1.fastq,12h_EMB++_2_2.fastq ,SRR9953607
A11,12h_7,DMSO_2,AAGTCT,HJKK5BCX2_AAGTCT,12h_DMSO,12h_DMSO_2,12h_DMSO_2_1.fastq,12h_DMSO_2_2.fastq ,SRR9953611
B02,48h_36,R+++_3,ACATCG,HJKK5BCX2_ACATCG,48h_RFB+++,48h_RFB+++_3,48h_RFB+++_3_1.fastq,48h_RFB+++_3_2.fastq ,SRR9953629
A09,12h_38,M++_3,ACCGCG,HJKK5BCX2_ACCGCG,12h_MXF++,12h_MXF++_3,12h_MXF++_3_1.fastq,12h_MXF++_3_2.fastq ,SRR9953654
B09,12h_5,DMSO_3,ACTTGA,HJKK5BCX2_ACTTGA,12h_DMSO,12h_DMSO_3,12h_DMSO_3_1.fastq,12h_DMSO_3_2.fastq ,SRR9953612
C06,12h_26,C++_1,AGAGTG,HJKK5BCX2_AGAGTG,12h_CLR++,12h_CLR++_1,12h_CLR++_1_1.fastq,12h_CLR++_1_2.fastq ,SRR9953640
B08,48h_28,M+_1,AGTACG,HJKK5BCX2_AGTACG,48h_MXF+,48h_MXF+_1,48h_MXF+_1_1.fastq,48h_MXF+_1_2.fastq ,SRR9953645
B04,48h_5,M+_2,ATGAAC,HJKK5BCX2_ATGAAC,48h_MXF+,48h_MXF+_2,48h_MXF+_2_1.fastq,48h_MXF+_2_2.fastq ,SRR9953660
C07,48h_24,M++_2,ATGCTG,HJKK5BCX2_ATGCTG,48h_MXF++,48h_MXF++_2,48h_MXF++_2_1.fastq,48h_MXF++_2_2.fastq ,SRR9953626
C08,12h_24,C++_3,CACCAA,HJKK5BCX2_CACCAA,12h_CLR++,12h_CLR++_3,12h_CLR++_3_1.fastq,12h_CLR++_3_2.fastq ,SRR9953638
C03,48h_12,E++_3,CCGAGG,HJKK5BCX2_CCGAGG,48h_EMB++,48h_EMB++_3,48h_EMB++_3_1.fastq,48h_EMB++_3_2.fastq ,SRR9953646
A07,48h_30,M++_1,CGATCA,HJKK5BCX2_CGATCA,48h_MXF++,48h_MXF++_1,48h_MXF++_1_1.fastq,48h_MXF++_1_2.fastq ,SRR9953662
C04,In_1,,CGTTGT,HJKK5BCX2_CGTTGT,0h,0h_1,0h_1_1.fastq,0h_1_2.fastq ,SRR9953635
B11,48h_18,C++_3,CTCCGG,HJKK5BCX2_CTCCGG,48h_CLR++,48h_CLR++_3,48h_CLR++_3_1.fastq,48h_CLR++_3_2.fastq ,SRR9953609
A12,48h_4,DMSO_2,CTCTAC,HJKK5BCX2_CTCTAC,48h_DMSO,48h_DMSO_2,48h_DMSO_2_1.fastq,48h_DMSO_2_2.fastq ,SRR9953610
B12,12h_32,C+++_2,CTTGAT,HJKK5BCX2_CTTGAT,12h_CLR+++,12h_CLR+++_2,12h_CLR+++_2_1.fastq,12h_CLR+++_2_2.fastq ,SRR9953632
B06,In_3,,GATCGG,HJKK5BCX2_GATCGG,0h,0h_3,0h_3_1.fastq,0h_3_2.fastq ,SRR9953633
A01,12h_15,M+_1,GATCGT,HJKK5BCX2_GATCGT,12h_MXF+,12h_MXF+_1,12h_MXF+_1_1.fastq,12h_MXF+_1_2.fastq ,SRR9953651
A03,In_2,,GCGTAG,HJKK5BCX2_GCGTAG,0h,0h_2,0h_2_1.fastq,0h_2_2.fastq ,SRR9953636
B03,48h_39,R++_3,GGTACG,HJKK5BCX2_GGTACG,48h_RFB++,48h_RFB++_3,48h_RFB++_3_1.fastq,48h_RFB++_3_2.fastq ,SRR9953622
C02,In_4,,GTCCCC,HJKK5BCX2_GTCCCC,0h,0h_4,0h_4_1.fastq,0h_4_2.fastq ,SRR9953634
B07,12h_27,M++_2,GTTGAA,HJKK5BCX2_GTTGAA,12h_MXF++,12h_MXF++_2,12h_MXF++_2_1.fastq,12h_MXF++_2_2.fastq ,SRR9953655
B05,12h_12,E+_1,TATAGG,HJKK5BCX2_TATAGG,12h_EMB+,12h_EMB+_1,12h_EMB+_1_1.fastq,12h_EMB+_1_2.fastq ,SRR9953617
A06,48h_42,C++_1,TCCGAA,HJKK5BCX2_TCCGAA,48h_CLR++,48h_CLR++_1,48h_CLR++_1_1.fastq,48h_CLR++_1_2.fastq ,SRR9953627
B10,48h_41,R+++_1,TCGGAA,HJKK5BCX2_TCGGAA,48h_RFB+++,48h_RFB+++_1,48h_RFB+++_1_1.fastq,48h_RFB+++_1_2.fastq ,SRR9953641
C01,48h_35,C+++_1,TCTCCT,HJKK5BCX2_TCTCCT,48h_CLR+++,48h_CLR+++_1,48h_CLR+++_1_1.fastq,48h_CLR+++_1_2.fastq ,SRR9953606
A08,48h_32,E+_2,TGATGA,HJKK5BCX2_TGATGA,48h_EMB+,48h_EMB+_2,48h_EMB+_2_1.fastq,48h_EMB+_2_2.fastq ,SRR9953661
A10,12h_21,C+++_3,TGCAGG,HJKK5BCX2_TGCAGG,12h_CLR+++,12h_CLR+++_3,12h_CLR+++_3_1.fastq,12h_CLR+++_3_2.fastq ,SRR9953613
A05,48h_1,E++_2,TGCATG,HJKK5BCX2_TGCATG,48h_EMB++,48h_EMB++_2,48h_EMB++_2_1.fastq,48h_EMB++_2_2.fastq ,SRR9953642
A04,12h_14,M+_2,TGTAGA,HJKK5BCX2_TGTAGA,12h_MXF+,12h_MXF+_2,12h_MXF+_2_1.fastq,12h_MXF+_2_2.fastq ,SRR9953650
A02,48h_17,E+_1,TGTATG,HJKK5BCX2_TGTATG,48h_EMB+,48h_EMB+_1,48h_EMB+_1_1.fastq,48h_EMB+_1_2.fastq ,SRR9953647
